日期,IAH,MCO,ORD,ATL,DFW,EWR,MIA,MIA-MCO,CLT,Total_Routes
2025-10-07,1.0,1.0,2.0,2.0,3.0,6.0,1.0,0.0,0.0,16.0
2025-10-08,1.0,1.0,3.0,2.0,2.0,5.0,2.0,0.0,0.0,16.0
2025-10-09,1.0,1.0,3.0,2.0,2.0,5.0,2.0,0.0,0.0,16.0
2025-10-10,1.0,1.0,3.0,2.0,2.0,5.0,2.0,0.0,0.0,16.0
2025-10-11,0.0,0.0,1.0,1.0,1.0,2.0,0.0,0.0,0.0,5.0
2025-10-12,0.0,0.0,0.0,0.0,0.0,0.0,0.0,0.0,0.0,0.0
2025-10-13,1.0,2.0,3.0,2.0,3.0,7.0,2.0,0.0,0.0,20.0
2025-10-14,1.0,2.0,3.0,2.0,3.0,6.0,2.0,0.0,0.0,19.0
2025-10-15,1.0,1.0,3.0,2.0,2.0,5.0,5.0,0.0,0.0,19.0
2025-10-16,1.0,1.0,3.0,2.0,2.0,5.0,3.0,0.0,0.0,17.0
2025-10-17,1.0,1.0,3.0,2.0,2.0,5.0,2.0,0.0,0.0,16.0
2025-10-18,0.0,0.0,1.0,1.0,1.0,2.0,0.0,0.0,0.0,5.0
2025-10-19,0.0,1.0,1.0,1.0,1.0,1.0,1.0,0.0,0.0,6.0
2025-10-20,2.0,2.0,4.0,3.0,3.0,7.0,3.0,0.0,0.0,24.0
2025-10-21,1.0,2.0,3.0,2.0,2.0,6.0,2.0,0.0,0.0,18.0
2025-10-22,1.0,1.0,3.0,2.0,2.0,5.0,2.0,0.0,0.0,16.0
2025-10-23,1.0,1.0,3.0,2.0,2.0,6.0,2.0,0.0,0.0,17.0
2025-10-24,1.0,1.0,2.0,2.0,3.0,5.0,2.0,0.0,0.0,16.0
2025-10-25,0.0,0.0,1.0,1.3,1.0,1.0,0.0,1.0,0.0,5.3
2025-10-26,0.0,0.0,2.0,1.0,0.0,1.0,0.0,1.0,0.0,5.0
2025-10-27,2.0,2.0,4.0,3.0,4.0,1.0,3.0,0.0,0.0,19.0
2025-10-28,2.0,2.0,3.0,3.0,4.0,4.0,2.0,0.0,0.0,20.0
2025-10-29,1.0,1.0,3.0,2.0,2.0,2.0,2.0,0.0,0.0,13.0
2025-10-30,1.0,1.0,3.0,2.0,2.0,2.0,2.0,0.0,0.0,13.0
2025-10-31,1.0,0.0,3.0,2.0,3.0,1.0,3.0,0.0,0.0,13.0
2025-11-01,1.0,0.0,1.0,1.0,2.0,2.0,1.0,0.0,0.0,8.0
2025-11-02,1.0,1.0,1.0,1.0,2.0,0.0,1.0,0.0,0.0,7.0
2025-11-03,2.0,2.0,4.0,3.0,4.0,3.0,3.0,0.0,0.0,21.0
2025-11-04,2.0,2.0,3.0,3.0,4.0,4.0,2.0,0.0,0.0,20.0
2025-11-05,2.0,1.0,3.0,2.0,3.0,2.0,2.0,0.0,0.0,15.0
2025-11-06,2.0,1.0,3.0,2.0,3.0,2.0,2.0,0.0,0.0,15.0
2025-11-07,2.0,2.0,3.0,3.0,3.0,3.0,2.0,0.0,0.0,18.0
2025-11-08,1.0,1.0,1.0,2.0,2.0,2.0,1.0,0.0,0.0,10.0
2025-11-09,1.0,0.0,1.0,1.0,1.0,0.0,0.0,1.0,0.0,5.0
2025-11-10,2.0,2.0,4.0,3.0,4.0,3.0,3.0,0.0,0.0,21.0
2025-11-11,2.0,2.0,3.0,3.0,4.0,6.0,2.0,0.0,0.0,22.0
2025-11-12,2.0,1.0,3.0,3.0,3.0,6.0,2.0,0.0,0.0,20.0
2025-11-13,2.0,2.0,3.0,3.0,3.0,2.0,2.0,0.0,0.0,17.0
2025-11-14,2.0,1.0,4.0,3.0,2.0,2.0,2.0,0.0,0.0,16.0
2025-11-15,1.0,1.0,1.0,1.0,2.0,2.0,1.0,0.0,0.0,9.0
2025-11-16,1.0,0.0,1.0,1.0,1.0,2.0,0.0,1.0,0.0,7.0
2025-11-17,1.0,2.0,5.0,4.0,4.0,6.0,3.0,0.0,0.0,25.0
2025-11-18,1.0,1.0,3.0,3.0,3.0,5.0,2.0,0.0,0.0,18.0
2025-11-19,2.0,2.0,2.0,3.0,3.0,6.0,1.0,0.0,0.0,19.0
2025-11-20,2.0,2.0,3.0,2.0,3.0,6.0,2.0,0.0,0.0,20.0
2025-11-21,1.0,2.0,3.0,3.0,2.0,7.0,2.0,0.0,0.0,20.0
2025-11-22,1.0,1.0,3.0,2.0,2.0,5.0,0.0,1.0,0.0,15.0
2025-11-23,1.0,1.0,3.0,1.0,2.0,3.0,1.0,0.0,0.0,12.0
2025-11-24,2.0,2.0,4.0,2.0,4.0,6.0,3.0,1.0,0.0,24.0
2025-11-25,1.0,1.0,3.0,1.0,4.0,3.0,1.0,0.0,0.0,14.0
2025-11-26,1.0,2.0,4.0,3.0,4.0,9.0,3.0,0.0,0.0,26.0
2025-11-27,1.0,2.0,3.0,2.0,2.0,6.0,1.0,0.0,0.0,17.0
2025-11-28,2.0,2.0,5.0,3.0,5.0,7.0,3.0,0.0,0.0,27.0
2025-11-29,2.0,1.0,3.0,2.0,3.0,4.0,2.0,0.0,0.0,17.0
2025-11-30,1.0,1.0,2.0,1.0,1.0,5.0,2.0,0.0,0.0,13.0
2025-12-01,2.0,2.0,2.0,3.0,4.0,6.0,3.0,0.0,0.0,22.0
2025-12-02,2.0,2.0,5.0,2.0,2.0,8.0,4.0,0.0,0.0,25.0
2025-12-03,2.0,1.0,3.0,3.0,3.0,5.0,1.0,0.0,0.0,18.0
2025-12-04,1.0,0.0,1.0,2.0,5.0,9.0,3.0,0.0,0.0,21.0
2025-12-05,2.0,3.0,4.0,2.0,2.0,7.0,2.0,0.0,0.0,22.0
2025-12-06,3.0,2.0,3.0,2.0,3.0,5.0,2.0,0.0,0.0,20.0
2025-12-07,3.0,1.0,1.0,1.0,2.0,2.0,1.0,0.0,0.0,11.0
2025-12-08,2.0,3.0,3.0,3.0,4.0,6.0,3.0,0.0,0.0,24.0
2025-12-09,2.0,1.0,5.0,2.0,4.0,7.0,3.0,0.0,0.0,24.0
2025-12-10,2.0,2.0,4.0,3.0,4.0,7.0,4.0,0.0,0.0,26.0
2025-12-11,2.0,2.0,3.0,3.0,3.0,6.0,3.0,0.0,0.0,22.0
2025-12-12,3.0,3.0,3.0,3.0,3.0,7.0,3.0,0.0,0.0,25.0
2025-12-13,1.0,1.0,2.0,2.0,3.0,7.0,1.0,0.0,0.0,17.0
2025-12-14,1.0,1.0,2.0,0.0,4.0,3.0,1.0,0.0,0.0,12.0
2025-12-15,2.0,2.0,3.0,2.0,3.0,8.0,3.0,0.0,0.0,23.0
2025-12-16,2.0,3.0,3.0,3.0,5.0,7.0,3.0,0.0,0.0,26.0
2025-12-17,2.0,2.0,4.0,3.0,4.0,7.0,3.0,0.0,0.0,25.0
2025-12-18,2.0,2.0,4.0,2.0,5.0,6.0,3.0,0.0,0.0,24.0
2025-12-19,2.0,1.0,3.0,2.0,4.0,6.0,2.0,0.0,0.0,20.0
2025-12-20,1.0,1.0,1.0,1.0,2.0,2.0,1.0,0.0,0.0,9.0
2025-12-21,1.0,1.0,1.0,1.0,2.0,1.0,1.0,0.0,0.0,8.0
2025-12-22,2.0,2.0,3.0,3.0,5.0,6.0,3.0,0.0,0.0,24.0
2025-12-23,2.0,2.0,3.0,1.0,2.0,5.0,2.0,0.0,0.0,17.0
2025-12-24,1.0,1.0,2.0,1.0,3.0,5.0,3.0,0.0,0.0,16.0
2025-12-25,1.0,1.0,1.0,2.0,1.0,3.0,1.0,0.0,0.0,10.0
2025-12-26,1.0,1.0,3.0,2.0,3.0,3.0,2.0,0.0,0.0,15.0
2025-12-27,1.0,1.0,1.0,1.0,2.0,3.0,1.0,0.0,0.0,10.0
2025-12-28,1.0,1.0,2.0,1.0,1.0,1.0,1.0,0.0,0.0,8.0
2025-12-29,2.0,2.0,3.0,2.0,3.0,7.0,2.0,0.0,0.0,21.0
2025-12-30,2.0,3.0,5.0,2.0,4.0,7.0,3.0,0.0,0.0,26.0
2025-12-31,2.0,2.0,2.0,2.0,3.0,5.0,2.0,0.0,0.0,18.0
2026-01-01,1.0,2.0,5.0,2.0,4.0,7.0,2.0,0.0,0.0,23.0
2026-01-02,2.0,1.0,4.0,2.0,3.0,6.0,2.0,0.0,0.0,20.0
2026-01-03,1.0,2.0,4.0,2.0,3.0,6.0,1.0,0.0,0.0,19.0
2026-01-04,1.0,1.0,2.0,0.0,2.0,3.0,1.0,0.0,0.0,10.0
2026-01-05,1.0,1.0,4.0,2.0,3.0,6.0,2.0,0.0,0.0,19.0
2026-01-06,1.0,3.0,4.0,2.0,4.0,8.0,2.0,0.0,0.0,24.0
2026-01-07,2.0,1.0,6.0,3.0,3.0,6.0,1.0,0.0,0.0,22.0
2026-01-08,2.0,3.0,6.0,2.0,4.0,9.0,2.0,0.0,0.0,28.0
2026-01-09,2.0,2.0,4.0,1.0,3.0,5.0,3.0,0.0,0.0,20.0
2026-01-10,1.0,1.0,1.0,1.0,2.0,2.0,1.0,0.0,0.0,9.0
2026-01-11,1.0,0.0,1.0,0.0,1.0,2.0,0.0,1.0,0.0,6.0
2026-01-12,1.0,1.0,3.0,2.0,3.0,5.0,2.0,0.0,0.0,17.0
2026-01-13,2.0,3.0,5.0,2.0,4.0,9.0,3.0,0.0,0.0,28.0
2026-01-14,2.0,2.0,5.0,2.0,4.0,7.0,2.0,0.0,0.0,24.0
2026-01-15,1.0,1.0,3.0,2.0,3.0,5.0,3.0,0.0,0.0,18.0
2026-01-16,2.0,2.0,3.0,2.0,3.0,5.0,2.0,0.0,0.0,19.0
2026-01-17,1.0,1.0,2.0,0.0,2.0,3.0,1.0,0.0,0.0,10.0
2026-01-18,1.0,1.0,2.0,1.0,1.0,2.0,1.0,0.0,0.0,9.0
2026-01-19,1.0,1.0,3.0,2.0,3.0,7.0,2.0,0.0,0.0,19.0
2026-01-20,2.0,2.0,5.0,2.0,5.0,9.0,3.0,0.0,0.0,28.0
2026-01-21,2.0,2.0,5.0,2.0,4.0,7.0,3.0,0.0,0.0,25.0
2026-01-22,1.0,2.0,4.0,2.0,3.0,7.0,2.0,0.0,0.0,21.0
2026-01-23,2.0,1.0,2.0,1.0,2.0,4.0,2.0,0.0,0.0,14.0
2026-01-24,1.0,1.0,1.0,1.0,3.0,4.0,2.0,0.0,0.0,13.0
2026-01-25,1.0,0.0,0.0,1.0,1.0,2.0,1.0,0.0,0.0,6.0
2026-01-26,1.0,1.0,5.0,2.0,4.0,5.0,2.0,0.0,0.0,20.0
2026-01-27,2.0,1.0,0.0,0.0,3.0,4.0,2.0,0.0,0.0,12.0
2026-01-28,2.0,2.0,9.0,1.0,3.0,9.0,2.0,0.0,0.0,28.0
2026-01-29,2.0,1.0,5.0,1.0,3.0,7.0,2.0,0.0,0.0,21.0
2026-01-30,1.0,2.0,8.0,1.0,3.0,5.0,4.0,0.0,0.0,24.0
2026-01-31,1.0,1.0,4.0,1.0,3.0,5.0,1.0,0.0,0.0,16.0
2026-02-01,2.0,1.0,3.0,1.0,2.0,2.0,1.0,0.0,0.0,12.0
2026-02-02,1.0,1.0,3.0,1.0,3.0,5.0,2.0,0.0,0.0,16.0
2026-02-03,2.0,1.0,4.0,2.0,3.0,9.0,3.0,0.0,0.0,24.0
2026-02-04,1.0,2.0,5.0,2.0,6.0,6.0,2.0,0.0,0.0,24.0
2026-02-05,2.0,2.0,4.0,2.0,3.0,9.0,3.0,0.0,0.0,25.0
2026-02-06,1.0,2.0,3.0,2.0,4.0,7.0,2.0,0.0,0.0,21.0
2026-02-07,1.0,1.0,3.0,1.0,2.0,3.0,1.0,0.0,0.0,12.0
2026-02-08,2.0,0.0,2.0,1.0,1.0,3.0,1.0,0.0,0.0,10.0
2026-02-09,1.0,2.0,2.0,2.0,4.0,4.0,2.0,0.0,0.0,17.0
2026-02-10,2.0,2.0,7.0,2.0,5.0,8.0,2.0,0.0,0.0,28.0
2026-02-11,2.0,2.0,4.0,2.0,3.0,6.0,2.0,0.0,0.0,21.0
2026-02-12,1.0,1.0,4.0,2.0,3.0,8.0,2.0,0.0,0.0,21.0
2026-02-13,2.0,2.0,4.0,1.0,4.0,6.0,2.0,0.0,0.0,21.0
2026-02-14,1.0,1.0,2.0,2.0,2.0,3.0,2.0,0.0,0.0,13.0
2026-02-15,1.0,1.0,2.0,1.0,1.0,2.0,1.0,0.0,0.0,9.0
2026-02-16,0.0,0.0,0.0,0.0,0.0,0.0,0.0,0.0,0.0,0.0
